{"cameraMode":{"drawMode":0,"name":"Shaded","section":"Shading Mode"},"sceneLighting":true,"audioPlay":false,"sceneViewState":{"m_AlwaysRefresh":false,"showFog":true,"showSkybox":true,"showFlares":true,"showImageEffects":true,"showParticleSystems":true,"showVisualEffectGraphs":true,"m_FxEnabled":true},"in2DMode":false,"pivot":{"x":2.040632963180542,"y":-5.181240081787109,"z":-12.967594146728516},"rotation":{"x":-0.007177099585533142,"y":-0.932987630367279,"z":0.35952258110046389,"w":-0.018740076571702958},"size":11.180787086486817,"orthographic":false}